"Name","Team","G","PA","HR","R","RBI","SB","BB%","K%","ISO","BABIP","AVG","OBP","SLG","wOBA","xwOBA","wRC+","BsR","Off","Def","WAR","playerid"
"Fernando Tatis Jr.","SDP","59","257","17","50","45","11","10.5%","23.7%",".295",".306",".277",".366",".571",".392",".422","151","1.4","18.0","6.6","3.3","19709"
"Jose Ramirez","CLE","58","254","17","45","46","10","12.2%","16.9%",".315",".294",".292",".386",".607",".415",".373","167","1.9","22.8","-0.6","3.2","13510"
"Freddie Freeman","ATL","60","262","13","51","53","2","17.2%","14.1%",".299",".366",".341",".462",".640",".456",".466","186","-0.3","28.6","-2.9","3.2","5361"
"Jose Abreu","CHW","60","262","19","43","60","0","6.9%","22.5%",".300",".350",".317",".370",".617",".411",".399","164","-1.0","19.6","-1.7","2.9","15676"
"Mookie Betts","LAD","55","246","16","47","39","10","9.8%","15.4%",".269",".289",".292",".366",".562",".390",".362","147","3.3","18.0","1.6","2.8","13611"
"Trea Turner","WSN","59","259","12","46","41","12","8.5%","13.9%",".253",".353",".335",".394",".588",".413",".383","159","2.4","21.9","-0.6","2.7","16252"
"Manny Machado","SDP","60","254","16","44","47","6","10.2%","14.6%",".277",".297",".304",".370",".580",".391",".385","150","-1.7","14.5","2.9","2.6","11493"
"Juan Soto","WSN","47","196","13","39","37","6","20.9%","14.3%",".344",".363",".351",".490",".695",".478",".475","202","-0.5","25.0","-3.9","2.6","20123"
"Marcell Ozuna","ATL","60","267","18","38","56","0","14.2%","22.5%",".298",".391",".338",".431",".636",".444",".436","178","-0.2","26.5","-8.1","2.5","10324"
"Mike Trout","LAA","53","241","17","41","46","1","14.5%","23.2%",".322",".300",".281",".390",".603",".407",".428","160","1.3","19.0","-2.4","2.5","10155"
"Anthony Rendon","LAA","52","232","9","29","31","0","16.4%","13.4%",".212",".302",".286",".418",".497",".395",".390","152","0.0","14.7","1.9","2.5","12861"
"Tim Anderson","CHW","49","221","10","45","21","5","4.5%","22.6%",".207",".383",".322",".357",".529",".376",".358","140","0.8","11.7","3.1","2.4","15172"
"Ronald Acuna Jr.","ATL","46","202","14","46","29","8","18.8%","29.7%",".331",".302",".250",".406",".581",".413",".420","158","2.2","17.2","1.7","2.4","18401"
"DJ LeMahieu","NYY","50","216","10","41","27","3","8.3%","9.7%",".226",".370",".364",".421",".590",".429",".366","177","0.7","21.2","-2.7","2.4","9874"
"Brandon Lowe","TBR","56","224","14","36","37","3","11.2%","25.9%",".285",".309",".269",".362",".554",".385",".384","151","2.9","17.1","0.7","2.3","18882"
"Paul Goldschmidt","STL","58","231","6","31","21","1","16.0%","18.6%",".162",".364",".304",".417",".466",".387",".396","147","1.1","14.8","-1.5","2.3","9218"
"Dansby Swanson","ATL","60","264","10","49","35","5","8.3%","26.9%",".190",".350",".274",".345",".464",".348",".354","115","4.2","9.3","6.7","2.3","18314"
"Trent Grisham","SDP","59","252","10","42","26","10","12.3%","25.4%",".205",".310",".251",".352",".456",".349",".368","122","-0.2","6.9","6.0","2.2","18564"
"Corey Seager","LAD","52","232","15","38","41","1","7.3%","15.9%",".278",".309",".307",".358",".585",".394",".434","149","-1.8","12.9","0.5","2.1","13624"
"Trevor Story","COL","59","259","11","41","28","15","9.3%","24.3%",".230",".354",".289",".355",".519",".370",".335","117","4.0","9.7","2.4","2.1","12564"
"Cesar Hernandez","CLE","58","261","3","35","20","0","9.2%","21.8%",".124",".364",".283",".355",".408",".335",".330","112","0.4","4.4","5.6","2.1","10556"
"Michael Conforto","NYM","54","233","9","40","31","3","10.3%","24.5%",".193",".412",".322",".412",".515",".401",".374","158","-0.2","17.1","-2.3","2.0","16376"
"Mike Yastrzemski","SFG","54","225","10","39","35","2","13.3%","24.4%",".271",".370",".297",".400",".568",".407",".364","158","0.8","17.5","-5.0","2.0","14854"
"Nelson Cruz","MIN","53","214","16","33","33","0","11.7%","27.1%",".292",".360",".303",".397",".595",".411",".383","166","-0.7","16.7","-5.6","2.0","2434"
"Ian Happ","CHC","57","231","12","27","28","1","13.0%","27.3%",".247",".317",".258",".361",".505",".369",".362","132","0.2","9.6","0.6","2.0","17919"
"Wil Myers","SDP","55","218","15","34","40","2","8.3%","25.7%",".318",".331",".288",".353",".606",".400",".396","155","1.4","16.8","-4.7","2.0","10047"
"Brandon Belt","SFG","51","179","9","25","30","0","16.8%","20.1%",".282",".356",".309",".425",".591",".427",".422","171","-0.2","16.2","-2.7","2.0","10264"
"Salvador Perez","KCR","37","156","11","22","32","1","1.9%","23.1%",".300",".375",".333",".353",".633",".410",".410","161","-0.2","11.4","1.7","1.9","7304"
"Bryce Harper","PHI","58","244","13","41","33","8","20.1%","17.6%",".274",".279",".268",".420",".542",".400",".454","150","-0.6","15.1","-1.7","1.9","11579"
"Alex Verdugo","BOS","53","221","6","36","15","4","7.7%","20.4%",".169",".371",".308",".367",".478",".362",".299","125","1.1","7.9","5.9","1.9","17027"
"Francisco Lindor","CLE","60","266","8","30","27","6","9.0%","15.4%",".157",".280",".258",".335",".415",".324",".346","105","-2.5","-1.0","9.0","1.9","12916"
"Jeimer Candelario","DET","52","206","7","30","29","1","9.7%","23.8%",".205",".372",".297",".369",".503",".373",".356","140","0.8","10.8","-0.2","1.9","13621"
"Ke'Bryan Hayes","PIT","24","95","5","17","11","1","9.5%","21.1%",".306",".450",".376",".442",".682",".464",".367","194","0.3","11.7","3.3","1.9","18577"
"Kyle Lewis","SEA","58","242","11","37","28","5","14.0%","29.3%",".175",".341",".262",".364",".437",".349",".344","127","1.7","9.8","0.3","1.9","19508"
"George Springer","HOU","51","222","14","37","32","1","10.8%","17.1%",".275",".259",".265",".359",".540",".379",".405","143","1.3","13.1","-2.4","1.8","12856"
"Kyle Seager","SEA","60","248","9","35","40","5","12.9%","13.3%",".192",".240",".241",".355",".433",".338",".365","119","1.7","7.5","2.2","1.8","9785"
"Austin Nola","- - -","48","184","7","24","28","0","9.8%","18.5%",".199",".303",".273",".353",".472",".352",".361","127","-0.4","5.8","6.0","1.8","15941"
"Kyle Tucker","HOU","58","228","9","33","42","8","7.9%","20.2%",".244",".303",".268",".325",".512",".349",".327","122","3.2","9.5","-0.1","1.7","18345"
"Jose Iglesias","BAL","39","150","3","16","24","0","2.0%","11.3%",".183",".407",".373",".400",".556",".407",".387","160","1.0","12.0","1.4","1.7","10231"
"Jackie Bradley Jr.","BOS","55","217","7","32","22","5","10.6%","22.1%",".168",".343",".283",".364",".450",".352",".301","118","1.3","6.3","5.1","1.7","12984"
"Brian Anderson","MIA","59","229","11","27","38","0","9.6%","28.8%",".210",".323",".255",".345",".465",".348",".324","120","0.6","6.4","4.5","1.7","18289"
"Brandon Nimmo","NYM","55","225","8","33","18","1","14.7%","19.1%",".204",".326",".280",".404",".484",".387",".364","149","0.0","14.1","-3.1","1.7","12927"
"Eloy Jimenez","CHW","55","226","14","26","41","0","5.3%","24.8%",".263",".340",".296",".332",".559",".373",".364","138","0.5","11.0","-4.1","1.6","17484"
"J.T. Realmuto","PHI","47","195","11","33","32","4","8.2%","24.6%",".225",".307",".266",".349",".491",".361",".356","124","2.0","8.1","3.5","1.6","11739"
"Chris Taylor","LAD","56","214","8","30","32","3","12.1%","25.7%",".205",".344",".270",".366",".476",".364",".371","129","-0.9","7.2","1.6","1.6","13757"
"Robbie Grossman","OAK","51","192","8","23","23","8","10.9%","19.8%",".241",".267",".241",".344",".482",".351",".328","128","2.0","8.7","1.0","1.6","5254"
"Brandon Crawford","SFG","54","193","8","26","28","1","7.8%","24.4%",".209",".303",".256",".326",".465",".334",".309","110","-0.5","2.0","7.6","1.6","5343"
"Jake Cronenworth","SDP","54","192","4","26","20","3","9.4%","15.6%",".192",".324",".285",".354",".477",".356",".393","126","-1.0","5.5","4.2","1.6","18036"
"Nick Ahmed","ARI","57","217","5","29","29","4","8.3%","21.2%",".136",".324",".266",".327",".402",".318",".304","96","2.1","1.0","7.6","1.6","12147"
"Travis d'Arnaud","ATL","44","184","9","19","34","1","8.7%","27.2%",".212",".411",".321",".386",".533",".392",".386","144","-2.2","8.2","3.5","1.6","7739"
"Willson Contreras","CHC","57","225","7","37","26","1","8.9%","25.3%",".164",".307",".243",".356",".407",".336",".353","110","-0.8","2.1","4.6","1.6","11609"
"Mark Canha","OAK","59","243","5","32","33","4","15.2%","22.2%",".162",".307",".246",".387",".408",".351",".359","129","2.2","10.8","-3.2","1.6","11445"
"Xander Bogaerts","BOS","56","225","11","36","28","8","9.3%","18.2%",".202",".329",".300",".364",".502",".368",".341","129","2.7","10.8","-0.2","1.6","12161"
"Yasmani Grandal","CHW","46","194","8","27","27","0","15.5%","29.9%",".193",".299",".230",".351",".422",".338",".327","114","-2.4","1.0","7.0","1.6","11368"
"Jason Heyward","CHC","50","181","6","20","22","2","16.6%","20.4%",".190",".311",".265",".392",".456",".368",".381","131","1.9","9.1","-1.3","1.5","4940"
"Kole Calhoun","ARI","54","228","16","35","40","1","12.3%","21.9%",".300",".211",".226",".338",".526",".362",".379","125","0.5","7.9","-0.5","1.5","11200"
"Sean Murphy","OAK","43","140","7","21","14","0","17.1%","26.4%",".224",".278",".233",".364",".457",".358",".348","133","-0.1","5.6","5.0","1.5","19352"
"Whit Merrifield","KCR","60","265","9","38","30","12","4.5%","12.5%",".157",".295",".282",".325",".440",".329",".336","105","0.0","1.6","2.3","1.5","11281"
"Teoscar Hernandez","TOR","50","207","16","33","34","6","6.8%","30.4%",".289",".348",".289",".340",".579",".384",".401","142","1.0","11.7","-1.6","1.5","13066"
"Jonathan Schoop","DET","44","177","8","26","23","0","4.5%","22.0%",".198",".316",".278",".324",".475",".340",".300","117","0.2","3.8","4.0","1.5","11265"
"Miguel Rojas","MIA","40","143","4","20","20","5","11.2%","12.6%",".192",".330",".304",".392",".496",".379",".332","140","0.0","7.4","4.1","1.5","7802"
"James McCann","CHW","31","111","7","20","15","1","7.2%","27.0%",".247",".339",".289",".360",".536",".378",".346","141","0.3","5.9","4.4","1.5","12859"
"Luke Voit","NYY","56","234","22","41","52","0","7.3%","23.1%",".333",".268",".277",".338",".610",".393",".389","153","0.1","15.4","-6.4","1.5","14811"
"Kevin Kiermaier","TBR","49","159","3","16","22","8","12.6%","26.4%",".145",".290",".217",".321",".362",".301",".325","94","2.2","1.1","9.8","1.5","11038"
"Dominic Smith","NYM","50","199","10","27","42","0","7.0%","22.6%",".299",".368",".316",".377",".616",".412",".392","166","0.6","17.2","-7.8","1.4","15653"
"Cody Bellinger","LAD","56","243","12","33","30","6","12.3%","17.3%",".216",".245",".239",".333",".455",".337",".374","112","0.5","4.3","1.5","1.4","15998"
"Dylan Moore","SEA","38","159","8","26","17","12","8.8%","27.0%",".241",".314",".255",".358",".496",".368",".357","140","0.3","8.0","0.7","1.4","18042"
"Adalberto Mondesi","KCR","59","233","6","33","22","24","4.7%","30.0%",".160",".350",".256",".294",".416",".305",".267","88","3.6","0.2","4.2","1.4","13769"
"Jesse Winker","CIN","54","183","12","27","23","1","15.3%","25.1%",".289",".283",".255",".388",".544",".396",".397","142","0.1","9.9","-3.7","1.4","13590"
"Justin Turner","LAD","42","175","4","26","23","1","10.3%","14.9%",".153",".347",".307",".400",".460",".376",".403","138","-0.5","8.0","-0.3","1.4","5235"
"Christian Vazquez","BOS","47","189","7","22","23","4","8.5%","22.8%",".173",".341",".283",".344",".457",".346",".285","114","-2.7","0.6","8.3","1.4","9774"
"David Fletcher","LAA","49","230","3","31","18","2","8.7%","10.9%",".106",".348",".319",".376",".425",".350",".316","121","-0.7","5.2","0.0","1.3","17992"
"J.P. Crawford","SEA","53","232","2","33","24","6","9.9%","16.8%",".083",".303",".255",".336",".338",".303",".318","95","-0.2","-1.7","6.8","1.3","15491"
"Jackson Frazier","NYY","39","160","8","24","26","3","15.6%","27.5%",".244",".338",".267",".394",".511",".388",".363","150","0.1","9.9","-0.7","1.3","15983"
"Alec Bohm","PHI","44","180","4","24","23","1","8.9%","20.0%",".144",".410",".338",".400",".481",".381",".357","138","-0.1","8.6","-0.1","1.3","21618"
"Robinson Cano","NYM","49","182","10","23","30","0","4.9%","13.2%",".228",".319",".316",".352",".544",".376",".353","142","-1.5","8.3","0.0","1.3","3269"
"Jurickson Profar","SDP","56","202","7","28","25","7","7.4%","13.9%",".150",".293",".278",".343",".428",".335",".338","113","2.7","6.0","-0.5","1.3","10815"
"Willy Adames","TBR","54","205","8","29","23","2","9.8%","36.1%",".222",".388",".259",".332",".481",".347",".307","126","2.0","8.5","-1.0","1.3","15986"
"Will Smith","LAD","37","137","8","23","25","0","14.6%","16.1%",".289",".294",".289",".401",".579",".411",".407","160","-1.3","9.3","-1.4","1.3","19197"
"Willi Castro","DET","36","140","6","21","24","0","5.0%","27.1%",".202",".448",".349",".381",".550",".393",".368","154","-0.6","8.7","-2.0","1.2","17338"
"Mike Brosseau","TBR","37","98","5","12","12","2","8.2%","31.6%",".256",".412",".302",".378",".558",".394",".318","158","-0.6","6.4","3.6","1.2","19683"
"Jeff McNeil","NYM","52","209","4","19","23","0","9.6%","11.5%",".142",".335",".311",".383",".454",".360",".337","131","-2.5","5.8","1.2","1.2","15362"
"Byron Buxton","MIN","39","135","13","19","27","2","1.5%","26.7%",".323",".241",".254",".267",".577",".345",".335","121","0.4","3.8","2.7","1.2","14161"
"Cavan Biggio","TOR","59","265","8","41","28","6","15.5%","23.0%",".182",".311",".250",".375",".432",".355",".315","122","0.8","8.0","-2.6","1.2","19252"
"Kolten Wong","STL","53","208","1","26","16","5","9.6%","14.4%",".061",".311",".265",".350",".326",".305",".286","92","2.2","0.2","3.1","1.2","12532"
"Alex Bregman","HOU","42","180","6","19","22","0","13.3%","14.4%",".209",".254",".242",".350",".451",".345",".332","120","-0.5","3.8","2.0","1.2","17678"
"Andres Gimenez","NYM","49","132","3","22","12","8","5.3%","21.2%",".136",".318",".263",".333",".398",".321",".303","105","3.1","4.0","4.8","1.2","19950"
"Luis Robert","CHW","56","227","11","33","31","9","8.8%","32.2%",".203",".300",".233",".302",".436",".316",".326","99","1.7","1.3","0.8","1.2","20043"
"Carlos Correa","HOU","58","221","5","22","25","0","7.2%","22.2%",".119",".324",".264",".326",".383",".308",".315","94","-0.2","-1.7","5.6","1.2","14162"
"Joey Wendle","TBR","50","184","4","24","17","8","5.4%","19.0%",".149",".338",".286",".342",".435",".335",".304","117","1.4","5.3","1.8","1.2","13853"
"Aaron Hicks","NYY","54","211","6","28","21","4","19.4%","18.0%",".189",".256",".225",".379",".414",".351",".374","124","2.6","8.8","-2.5","1.2","5297"
"Starling Marte","- - -","61","250","6","36","27","10","4.8%","16.4%",".149",".319",".281",".340",".430",".333",".326","108","2.1","4.6","-0.9","1.2","9241"
"Eugenio Suarez","CIN","57","231","15","29","38","2","13.0%","29.0%",".268",".214",".202",".312",".470",".332",".342","100","0.5","0.5","1.1","1.1","12552"
"Matt Chapman","OAK","37","152","10","22","25","0","5.3%","35.5%",".303",".291",".232",".276",".535",".335",".350","118","0.0","3.3","2.7","1.1","16505"
"Austin Slater","SFG","31","104","5","18","7","8","15.4%","21.2%",".224",".328",".282",".408",".506",".395",".416","150","1.9","8.5","-0.8","1.1","16153"
"Gio Urshela","NYY","43","174","6","24","30","1","10.3%","14.4%",".192",".315",".298",".368",".490",".365",".379","134","-1.1","6.1","0.7","1.1","10681"
"Harrison Bader","STL","50","125","4","21","11","3","10.4%","32.0%",".217",".317",".226",".336",".443",".337",".327","114","0.8","3.0","2.9","1.1","18030"
"Jean Segura","PHI","54","217","7","28","25","2","10.6%","20.7%",".156",".314",".266",".347",".422",".333",".318","106","-1.1","0.6","5.0","1.1","5933"
"Michael Brantley","HOU","46","187","5","24","22","2","9.1%","15.0%",".176",".336",".300",".364",".476",".362",".325","131","-1.6","5.7","-1.2","1.1","4106"
"Tommy La Stella","- - -","55","228","5","31","25","1","11.8%","5.3%",".168",".276",".281",".370",".449",".355",".348","128","-2.2","5.6","-2.7","1.1","12371"
"Aaron Judge","NYY","28","114","9","23","22","0","8.8%","28.1%",".297",".283",".257",".336",".554",".375",".378","140","0.2","5.8","2.2","1.1","15640"
"Maikel Franco","KCR","60","243","8","23","38","1","6.6%","15.6%",".179",".298",".278",".321",".457",".329",".307","105","-0.7","0.8","-0.6","1.1","12179"
"Yoan Moncada","CHW","52","231","6","28","24","0","12.1%","31.2%",".160",".315",".225",".320",".385",".309",".290","94","3.0","1.4","-0.6","1.1","17232"
"Max Kepler","MIN","48","196","9","27","23","3","11.2%","18.4%",".211",".236",".228",".321",".439",".328",".340","109","2.3","4.4","-2.1","1.1","12144"
"Wilmer Flores","SFG","55","213","12","30","32","1","6.1%","16.9%",".247",".272",".268",".315",".515",".347",".309","119","-0.2","4.9","-2.0","1.0","5827"
"Ramon Laureano","OAK","54","222","6","27","25","2","10.8%","26.1%",".153",".270",".213",".338",".366",".315",".338","104","0.7","1.8","0.6","1.0","17128"
"Jacob Stallings","PIT","42","143","3","13","18","0","10.5%","28.0%",".128",".337",".248",".326",".376",".309",".277","92","-0.6","-2.2","6.3","1.0","13723"
"David Peralta","ARI","54","218","5","19","34","1","6.0%","20.6%",".133",".361",".300",".339",".433",".333",".299","106","0.0","1.7","0.4","1.0","2136"
"Joey Gallo","TEX","57","226","10","23","26","2","12.8%","35.0%",".197",".240",".181",".301",".378",".297",".317","86","2.7","-1.1","2.9","1.0","14128"
"Tommy Edman","STL","55","227","5","29","26","2","7.0%","21.1%",".118",".301",".250",".317",".368",".302",".315","90","-0.3","-3.1","3.1","1.0","19470"
"Lourdes Gurriel Jr.","TOR","57","224","11","28","33","3","6.3%","21.4%",".226",".351",".308",".348",".534",".372",".347","134","-2.2","7.1","-3.2","1.0","19238"
"Kevin Pillar","- - -","54","223","6","34","26","5","5.8%","18.4%",".173",".335",".288",".336",".462",".341",".328","105","1.9","3.3","-0.4","1.0","12434"
"A.J. Pollock","LAD","55","210","16","30","34","2","5.7%","21.4%",".291",".277",".276",".314",".566",".364",".345","130","-2.0","6.0","-4.1","0.9","9256"
"Anthony Santander","BAL","37","165","11","24","32","0","6.1%","15.2%",".314",".248",".261",".315",".575",".364",".358","130","-0.8","5.3","-0.2","0.9","14551"
"Mitch Moreland","- - -","42","152","10","22","29","0","9.9%","21.1%",".287",".277",".265",".342",".551",".372",".335","136","0.4","6.9","-2.2","0.9","3086"
"Anthony Rizzo","CHC","58","243","11","26","24","3","11.5%","15.6%",".192",".218",".222",".342",".414",".326",".355","103","-0.4","0.7","-1.8","0.9","3473"
"Randal Grichuk","TOR","55","231","12","38","35","1","5.6%","21.2%",".208",".299",".273",".312",".481",".334",".333","108","0.1","2.3","1.1","0.9","10243"
"Adam Engel","CHW","36","93","3","11","12","1","3.2%","20.4%",".182",".348",".295",".333",".477",".347",".300","120","0.4","2.7","2.7","0.9","15082"
"JaCoby Jones","DET","30","108","5","19","14","1","6.5%","31.5%",".247",".356",".268",".333",".515",".358",".321","130","0.1","4.0","0.6","0.9","14818"
"Eddie Rosario","MIN","57","231","13","31","42","3","8.2%","14.7%",".219",".248",".257",".316",".476",".333",".318","112","-2.0","1.5","-2.4","0.9","12155"
"Alex Dickerson","SFG","52","170","10","28","27","0","9.4%","17.6%",".278",".313",".298",".371",".576",".394",".356","149","-1.0","9.7","-6.7","0.9","12649"
"Jedd Gyorko","MIL","43","135","9","19","17","0","11.1%","28.1%",".256",".278",".248",".333",".504",".351",".357","119","-0.4","2.9","0.2","0.9","10816"
"Donovan Solano","SFG","54","203","3","22","29","0","4.9%","19.2%",".137",".396",".326",".365",".463",".357",".320","125","0.4","6.9","-5.6","0.9","8623"
"Isiah Kiner-Falefa","TEX","58","228","3","28","10","8","6.1%","14.0%",".090",".316",".280",".329",".370",".307",".294","93","-2.0","-3.9","4.3","0.9","16512"
"Christian Walker","ARI","57","243","7","35","34","1","7.8%","20.6%",".188",".317",".271",".333",".459",".339",".339","110","0.8","3.8","-4.1","0.8","13419"
"Austin Barnes","LAD","29","104","1","14","9","3","12.5%","23.1%",".070",".323",".244",".353",".314",".306",".274","92","1.7","0.6","4.2","0.8","12158"
"Bo Bichette","TOR","29","128","5","18","23","4","3.9%","21.1%",".211",".352",".301",".328",".512",".353",".359","120","-0.1","3.1","1.9","0.8","19612"
"Jared Walsh","LAA","32","108","9","19","26","0","4.6%","13.9%",".354",".256",".293",".324",".646",".393",".362","150","0.3","7.0","-2.7","0.8","18607"
"Didi Gregorius","PHI","60","237","10","34","40","3","6.3%","11.8%",".205",".285",".284",".339",".488",".348",".311","116","0.4","5.2","-3.2","0.8","6012"
"Brad Miller","STL","48","171","7","21","25","1","14.6%","26.9%",".218",".289",".232",".357",".451",".349",".377","121","0.5","5.1","-4.5","0.8","12775"
"Cedric Mullins II","BAL","48","153","3","16","12","7","5.2%","24.2%",".136",".350",".271",".315",".407",".313",".251","95","2.8","1.9","2.2","0.8","17929"
"Adam Frazier","PIT","58","230","7","22","23","1","7.4%","15.2%",".134",".246",".230",".297",".364",".291",".309","79","-1.4","-7.5","5.4","0.8","15223"
"Ozzie Albies","ATL","29","124","6","21","19","3","4.0%","24.2%",".195",".317",".271",".306",".466",".329",".299","103","1.3","1.7","3.0","0.8","16556"
"Mauricio Dubon","SFG","54","177","4","21","19","2","8.5%","20.3%",".115",".328",".274",".337",".389",".318",".319","99","-0.6","-0.7","2.1","0.8","16530"
"Josh Donaldson","MIN","28","102","6","14","11","0","17.6%","23.5%",".247",".231",".222",".373",".469",".362",".347","132","-1.2","2.8","0.7","0.8","5038"
"Randy Arozarena","TBR","23","76","7","15","11","4","7.9%","28.9%",".359",".306",".281",".382",".641",".422",".369","177","0.7","8.0","-2.1","0.8","19290"
"Ty France","- - -","43","155","4","19","23","0","7.1%","23.9%",".163",".390",".305",".368",".468",".362",".360","133","-0.9","5.5","-3.4","0.8","17982"
"Miguel Sano","MIN","53","205","13","31","25","0","8.8%","43.9%",".274",".301",".204",".278",".478",".317",".326","101","2.3","2.6","-3.9","0.8","12164"
"Bobby Dalbec","BOS","23","92","8","13","16","0","10.9%","42.4%",".338",".394",".263",".359",".600",".400",".351","151","0.2","6.0","-0.8","0.8","19966"
"Adam Duvall","ATL","57","209","16","34","33","0","7.2%","25.8%",".295",".240",".237",".301",".532",".348",".342","115","0.6","4.6","-2.5","0.8","10950"
"Eric Hosmer","SDP","38","156","9","23","36","4","5.8%","17.9%",".231",".296",".287",".333",".517",".359",".366","128","0.5","6.1","-4.2","0.8","3516"
"Tim Locastro","ARI","33","82","2","15","7","4","9.8%","17.1%",".174",".340",".290",".395",".464",".376",".344","134","1.2","4.8","-0.1","0.8","15124"
"Rafael Devers","BOS","57","248","11","32","43","0","5.2%","27.0%",".220",".325",".263",".310",".483",".337",".328","108","0.9","3.3","-2.3","0.7","17350"
"Evan Longoria","SFG","53","209","7","26","28","0","5.3%","18.7%",".171",".280",".254",".297",".425",".308",".364","93","-2.1","-4.1","4.0","0.7","9368"
"Rhys Hoskins","PHI","41","185","10","35","26","1","15.7%","23.2%",".258",".276",".245",".384",".503",".382",".381","139","-0.4","8.8","-6.2","0.7","16472"
"Jon Berti","MIA","39","149","2","21","14","9","15.4%","24.8%",".092",".354",".258",".388",".350",".337",".323","113","2.3","4.7","-1.3","0.7","12037"
"Brett Gardner","NYY","49","158","5","20","15","3","16.5%","22.2%",".169",".264",".223",".354",".392",".332",".327","111","0.3","2.4","0.8","0.7","9927"
"Tucker Barnhart","CIN","38","110","5","10","13","0","10.9%","25.5%",".184",".231",".204",".291",".388",".296",".315","76","-0.2","-3.5","5.9","0.7","10200"
"Christian Yelich","MIL","58","247","12","39","22","4","18.6%","30.8%",".225",".259",".205",".356",".430",".343",".378","114","-1.2","3.1","-6.9","0.7","11477"
"Carlos Santana","CLE","60","255","8","34","30","0","18.4%","16.9%",".150",".212",".199",".349",".350",".316",".372","99","-0.9","-1.2","-3.0","0.7","2396"
"Curt Casali","CIN","31","93","6","10","8","2","15.1%","31.2%",".276",".268",".224",".366",".500",".372",".308","126","-1.2","2.0","0.9","0.7","12510"
"Max Stassi","LAA","31","105","7","12","20","0","10.5%","20.0%",".256",".277",".278",".352",".533",".370",".390","135","-1.9","2.6","0.5","0.7","10059"
"Nolan Arenado","COL","48","201","8","23","26","0","7.5%","10.0%",".181",".241",".253",".303",".434",".308",".288","76","-0.5","-6.7","6.1","0.7","9777"
"D.J. Stewart","BAL","31","112","7","13","15","0","17.9%","33.9%",".261",".233",".193",".355",".455",".353",".336","123","0.5","3.6","0.2","0.7","17766"
"Ryan Mountcastle","BAL","35","140","5","12","23","0","7.9%","21.4%",".159",".398",".333",".386",".492",".377",".328","139","-1.1","5.6","-2.6","0.7","18373"
"Franmil Reyes","CLE","59","241","9","27","34","0","10.0%","28.6%",".175",".355",".275",".344",".450",".341",".342","116","-1.9","2.9","-6.7","0.7","14566"
"Orlando Arcia","MIL","59","189","5","22","20","2","7.4%","16.9%",".156",".292",".260",".317",".416",".317",".338","97","-2.9","-3.7","2.2","0.7","13185"
"Raimel Tapia","COL","51","206","1","26","17","8","6.8%","18.4%",".082",".392",".321",".369",".402",".338",".285","96","3.2","2.2","-3.1","0.7","14350"
"Hunter Dozier","KCR","44","186","6","29","12","4","14.5%","25.8%",".165",".288",".228",".344",".392",".326",".331","103","1.5","2.3","-3.7","0.7","15117"
"Edwin Rios","LAD","32","83","8","13","17","0","4.8%","21.7%",".395",".216",".250",".301",".645",".385",".397","143","-0.6","4.0","-0.4","0.6","18316"
"Darin Ruf","SFG","40","100","5","11","18","1","13.0%","23.0%",".241",".322",".276",".370",".517",".379",".353","140","0.9","6.0","-3.2","0.6","9929"
"Matt Olson","OAK","60","245","14","28","42","1","13.9%","31.4%",".229",".227",".195",".310",".424",".316",".340","104","0.2","1.5","-4.1","0.6","14344"
"Martin Maldonado","HOU","47","165","6","19","24","1","16.4%","30.9%",".163",".295",".215",".350",".378",".326",".316","107","-2.2","-0.8","1.2","0.6","6887"
"Jorge Polanco","MIN","55","226","4","22","19","4","5.8%","15.5%",".096",".292",".258",".304",".354",".289",".304","82","-0.6","-5.6","1.8","0.6","13152"
"Jake Cave","MIN","42","123","4","17","15","0","4.1%","35.8%",".168",".323",".221",".285",".389",".293",".272","85","-0.2","-2.5","3.1","0.6","14477"
"Niko Goodrum","DET","43","179","5","15","20","7","10.1%","38.5%",".152",".276",".184",".263",".335",".262",".265","63","0.1","-8.0","6.2","0.6","12092"
"Tony Kemp","OAK","49","114","0","15","4","3","13.2%","12.3%",".054",".284",".247",".363",".301",".307",".329","99","1.8","1.6","0.2","0.6","14894"
"Victor Reyes","DET","57","213","4","30","14","8","4.2%","21.1%",".114",".340",".277",".315",".391",".307",".329","94","0.0","-1.5","-2.0","0.6","15487"
"Colin Moran","PIT","52","200","10","28","23","0","9.5%","26.0%",".225",".291",".247",".325",".472",".340",".350","112","-2.9","0.1","-3.2","0.6","16909"
"Jorge Soler","KCR","43","174","8","17","24","0","10.9%","34.5%",".215",".317",".228",".326",".443",".332",".354","107","0.9","2.3","-4.4","0.5","14221"
"Marwin Gonzalez","MIN","53","199","5","15","22","0","8.5%","20.6%",".109",".241",".211",".286",".320",".269",".314","69","0.9","-6.7","3.5","0.5","5497"
"Ketel Marte","ARI","45","195","2","19","17","1","3.6%","10.8%",".122",".311",".287",".323",".409",".316",".306","94","-0.2","-1.7","0.0","0.5","13613"
"Manuel Margot","TBR","47","159","1","19","11","12","8.2%","15.7%",".083",".317",".269",".327",".352",".301",".309","94","1.5","0.3","1.0","0.5","14712"
"Nico Hoerner","CHC","48","126","0","19","13","3","9.5%","19.0%",".037",".279",".222",".312",".259",".265",".297","63","0.7","-5.2","5.1","0.5","21479"
"Omar Narvaez","MIL","40","126","2","8","10","0","12.7%","31.0%",".093",".254",".176",".294",".269",".262",".269","60","0.0","-6.4","6.3","0.5","13338"
"Tyler Wade","NYY","52","105","3","19","10","4","11.4%","21.0%",".136",".188",".170",".288",".307",".271",".310","69","2.2","-1.8","4.4","0.5","15730"
"Matt Carpenter","STL","50","169","4","22","24","0","13.6%","28.4%",".129",".250",".186",".325",".314",".293",".332","85","0.6","-2.8","0.6","0.5","8090"
"Joshua Fuentes","COL","30","103","2","14","17","1","1.9%","28.2%",".133",".406",".306",".320",".439",".323",".270","86","0.8","-1.0","2.4","0.5","16885"
"Mike Moustakas","CIN","44","163","8","13","27","1","11.0%","22.1%",".237",".247",".230",".331",".468",".340",".335","105","-1.0","0.0","-2.0","0.5","4892"
"Yadier Molina","STL","42","156","4","12","16","0","3.8%","13.5%",".097",".281",".262",".303",".359",".290",".298","83","-3.3","-6.7","5.0","0.5","7007"
"Javier Baez","CHC","59","235","8","27","24","3","3.0%","31.9%",".158",".262",".203",".238",".360",".256",".279","57","-0.4","-13.3","8.1","0.5","12979"
"Avisail Garcia","MIL","53","207","2","20","15","1","9.7%","23.7%",".088",".315",".238",".333",".326",".296",".317","83","-1.0","-5.6","1.5","0.5","5760"
"Andrew Knapp","PHI","33","89","2","9","15","0","16.9%","21.3%",".167",".346",".278",".404",".444",".372",".366","132","-0.2","3.5","-0.9","0.5","14942"
"Luis Arraez","MIN","32","121","0","16","13","0","6.6%","9.1%",".080",".353",".321",".364",".402",".335",".357","114","-0.6","1.5","-2.0","0.5","18568"
"Yandy Diaz","TBR","34","138","2","16","11","0","16.7%","12.3%",".079",".347",".307",".428",".386",".367",".327","139","-2.6","4.1","-3.1","0.5","16578"
"Delino DeShields","CLE","37","120","0","10","7","3","7.5%","24.2%",".065",".346",".252",".310",".318",".280",".267","75","1.5","-2.2","1.4","0.4","11379"
"Gleyber Torres","NYY","42","160","3","17","16","1","13.8%","17.5%",".125",".286",".243",".356",".368",".326",".335","107","-0.3","1.0","-0.8","0.4","16997"
"Joey Votto","CIN","54","223","11","32","22","0","16.6%","19.3%",".220",".235",".226",".354",".446",".347",".369","110","-1.7","1.2","-6.6","0.4","4314"
"Leody Taveras","TEX","33","134","4","20","6","8","10.4%","32.1%",".168",".319",".227",".308",".395",".307",".308","93","2.0","0.8","-1.6","0.4","18900"
"Austin Hays","BAL","33","134","4","20","9","2","6.0%","18.7%",".115",".316",".279",".328",".393",".315",".292","96","0.1","-0.5","1.1","0.4","19363"
"Hanser Alberto","BAL","54","231","3","35","22","3","2.2%","13.0%",".110",".314",".283",".306",".393",".301",".261","87","3.1","-0.5","-1.6","0.4","11902"
"Charlie Blackmon","COL","59","247","6","31","42","2","7.7%","17.8%",".145",".347",".303",".356",".448",".340",".331","97","-0.2","-1.1","-4.0","0.4","7859"
"Keston Hiura","MIL","59","246","13","30","32","3","6.5%","34.6%",".198",".273",".212",".297",".410",".304",".318","88","-0.5","-4.4","-2.4","0.4","20003"
"Tyler Flowers","ATL","22","80","1","5","5","0","10.0%","42.5%",".130",".412",".217",".325",".348",".303",".282","85","0.0","-1.5","3.3","0.4","9134"
"Tyler O'Neill","STL","50","157","7","20","19","3","9.6%","27.4%",".187",".189",".173",".261",".360",".271",".290","70","0.8","-5.2","2.2","0.4","15711"
"Giancarlo Stanton","NYY","23","94","4","12","11","1","16.0%","28.7%",".250",".333",".250",".387",".500",".379",".413","143","-1.1","3.9","-2.5","0.4","4949"
"Andrelton Simmons","LAA","30","127","0","19","10","2","6.3%","12.6%",".059",".343",".297",".346",".356",".313",".262","95","-0.7","-1.5","0.6","0.4","10847"
"Miguel Cabrera","DET","57","231","10","28","35","1","10.4%","22.1%",".167",".283",".250",".329",".417",".323",".379","105","-2.1","-0.7","-6.0","0.3","1744"
"Kyle Schwarber","CHC","59","224","11","30","24","1","13.4%","29.5%",".204",".219",".188",".308",".393",".307",".340","91","0.4","-2.2","-4.2","0.3","16478"
"Sam Hilliard","COL","36","114","6","13","10","3","7.9%","36.8%",".229",".281",".210",".272",".438",".301",".266","72","1.9","-2.2","1.3","0.3","17954"
"Danny Jansen","TOR","43","147","6","18","20","0","14.3%","21.1%",".175",".190",".183",".313",".358",".300",".358","84","-0.7","-3.6","3.0","0.3","16535"
"Jason Kipnis","CHC","44","135","3","13","16","1","13.3%","30.4%",".167",".333",".237",".341",".404",".326",".282","103","1.1","1.6","-4.3","0.3","9776"
"Ronald Guzman","TEX","26","86","4","10","9","1","8.1%","27.9%",".192",".300",".244",".314",".436",".323",".318","104","0.2","0.7","-0.6","0.3","14388"
"Jason Castro","- - -","27","92","2","8","9","0","13.0%","35.9%",".188",".289",".188",".293",".375",".294",".352","84","-0.3","-2.2","2.0","0.3","8722"
"Yoshi Tsutsugo","TBR","51","185","8","27","24","0","14.1%","27.0%",".197",".230",".197",".314",".395",".309",".325","99","0.0","-0.2","-1.5","0.3","27459"
"Shogo Akiyama","CIN","54","183","0","16","9","7","13.7%","18.6%",".052",".314",".245",".357",".297",".304",".315","81","0.2","-4.2","-0.7","0.3","27461"
"Jose Trevino","TEX","24","83","2","10","9","0","3.6%","18.1%",".184",".279",".250",".280",".434",".300",".319","89","-0.1","-1.3","1.4","0.3","16725"
"J.D. Davis","NYM","56","229","6","26","19","0","13.5%","24.5%",".142",".318",".247",".371",".389",".339",".359","118","-2.7","2.4","-5.5","0.3","16219"
"Garrett Hampson","COL","53","184","5","25","11","6","7.1%","32.6%",".150",".330",".234",".287",".383",".290",".297","64","1.9","-6.5","2.7","0.3","19262"
"Kevin Plawecki","BOS","24","89","1","8","17","1","5.6%","15.7%",".122",".403",".341",".393",".463",".373",".315","133","-2.2","1.4","-0.8","0.3","13807"
"Carson Kelly","ARI","39","129","5","11","19","0","4.7%","22.5%",".164",".250",".221",".264",".385",".279",".270","70","-0.7","-5.6","3.7","0.3","13620"
"Nick Madrigal","CHW","29","109","0","8","11","2","3.7%","6.4%",".029",".365",".340",".376",".369",".332",".314","110","-4.7","-3.3","1.4","0.3","20521"
"Rowdy Tellez","TOR","35","127","8","20","23","0","8.7%","15.7%",".257",".276",".283",".346",".540",".369",".368","132","-2.3","2.6","-3.2","0.3","15679"
"Ehire Adrianza","MIN","44","101","0","10","3","1","10.9%","22.8%",".079",".258",".191",".287",".270",".257",".279","60","0.3","-4.7","2.9","0.3","8418"
"Yan Gomes","WSN","30","119","4","14","13","1","5.0%","18.5%",".183",".314",".284",".319",".468",".332",".338","105","0.1","0.9","-1.4","0.3","9627"
"Paul DeJong","STL","45","174","3","17","25","1","9.8%","28.7%",".099",".340",".250",".322",".349",".296",".315","87","-1.1","-4.1","-0.9","0.3","18015"
"Victor Caratini","CHC","44","132","1","10","16","0","9.1%","23.5%",".086",".321",".241",".333",".328",".297",".285","84","-1.0","-3.7","0.6","0.3","14968"
"Nick Castellanos","CIN","60","242","14","37","34","0","7.9%","28.5%",".261",".257",".225",".298",".486",".329",".375","98","-1.2","-1.8","-6.3","0.3","11737"
"Rio Ruiz","BAL","54","204","9","25","32","1","8.3%","22.5%",".205",".244",".222",".286",".427",".303",".277","88","-2.2","-5.2","2.3","0.3","14103"
"Danny Mendick","CHW","33","114","3","11","6","0","5.3%","21.9%",".140",".288",".243",".281",".383",".285",".257","78","-0.4","-3.5","1.1","0.3","18889"
"Kyle Farmer","CIN","32","70","0","4","4","1","7.1%","18.6%",".047",".333",".266",".329",".313",".290",".347","72","-0.2","-2.7","2.1","0.2","14813"
"Jordan Luplow","CLE","29","92","2","8","8","0","13.0%","20.7%",".167",".224",".192",".304",".359",".293",".300","84","0.3","-1.5","-0.2","0.2","16424"
"Pete Alonso","NYM","57","239","16","31","35","1","10.0%","25.5%",".260",".242",".231",".326",".490",".342",".335","120","-2.0","4.0","-8.1","0.2","19251"
"Pedro Severino","BAL","48","178","5","17","21","1","9.0%","22.5%",".138",".304",".250",".322",".388",".312",".337","94","-0.2","-1.5","-1.0","0.2","14523"
"Marcus Semien","OAK","53","236","7","28","23","4","10.6%","21.2%",".152",".260",".223",".305",".374",".299",".287","93","1.8","-0.3","-6.2","0.2","12533"
"Taylor Ward","LAA","34","102","0","16","5","2","7.8%","27.5%",".106",".394",".277",".333",".383",".314",".309","96","2.1","1.6","-3.2","0.2","17548"
"Ryan McMahon","COL","52","193","9","23","26","0","9.3%","34.2%",".203",".286",".215",".295",".419",".308",".296","76","0.6","-5.3","0.3","0.2","15112"
"Vladimir Guerrero Jr.","TOR","60","243","9","34","33","1","8.2%","15.6%",".199",".282",".262",".329",".462",".338",".333","110","-0.9","2.2","-6.6","0.2","19611"
"Stephen Piscotty","OAK","45","171","5","17","29","4","5.3%","31.0%",".132",".304",".226",".271",".358",".273",".293","75","1.4","-3.9","-0.4","0.2","13367"
"Renato Nunez","BAL","52","216","12","29","31","0","7.9%","29.6%",".236",".317",".256",".324",".492",".347",".315","118","-1.5","3.4","-7.1","0.2","14503"
"David Bote","CHC","45","145","7","15","29","2","11.7%","27.6%",".208",".228",".200",".303",".408",".309",".330","92","0.2","-1.3","-3.1","0.2","14593"
"Erik Gonzalez","PIT","50","193","3","14","20","2","4.1%","26.4%",".133",".292",".227",".255",".359",".262",".293","60","0.2","-9.6","3.1","0.2","13369"
"Cameron Maybin","- - -","32","101","1","8","7","3","6.9%","24.8%",".140",".328",".247",".307",".387",".302",".298","89","-0.1","-1.4","-1.0","0.2","5223"
"Asdrubal Cabrera","WSN","52","213","8","23","31","0","8.9%","18.8%",".205",".260",".242",".305",".447",".319",".317","97","-2.6","-3.6","-0.2","0.2","4962"
"Garrett Cooper","MIA","34","133","6","20","20","0","8.3%","23.3%",".217",".337",".283",".353",".500",".365",".383","131","-1.6","3.7","-5.3","0.2","15279"
"Wilson Ramos","NYM","45","155","5","13","15","0","6.5%","20.0%",".148",".271",".239",".297",".387",".297",".317","90","-2.2","-4.2","2.0","0.2","1433"
"Dexter Fowler","STL","31","101","4","14","15","1","9.9%","27.7%",".156",".293",".233",".317",".389",".310",".292","96","0.5","0.0","-2.5","0.2","4062"
"Kris Bryant","CHC","34","147","4","20","11","0","8.2%","27.2%",".145",".264",".206",".293",".351",".285",".284","77","1.7","-2.7","-1.9","0.2","15429"
"Alex Gordon","KCR","50","184","4","15","11","0","9.8%","20.1%",".098",".246",".209",".299",".307",".275",".301","68","1.0","-6.3","0.1","0.2","5209"
"Luis Urias","MIL","41","120","0","11","11","2","8.3%","26.7%",".055",".338",".239",".308",".294",".273",".270","68","-1.2","-6.1","2.7","0.2","16622"
"Mike Tauchman","NYY","43","111","0","18","14","6","12.6%","23.4%",".063",".329",".242",".342",".305",".286",".300","79","1.7","-1.1","-0.1","0.2","15274"
"Daulton Varsho","ARI","37","115","3","16","9","3","10.4%","28.7%",".178",".246",".188",".287",".366",".287",".288","76","-0.1","-3.7","1.2","0.2","19918"
"Josh Harrison","WSN","33","91","3","11","14","1","6.6%","13.2%",".139",".288",".278",".352",".418",".335",".362","108","-1.0","-0.1","-0.6","0.2","8202"
"Nicky Lopez","KCR","56","192","1","15","13","0","9.4%","21.4%",".065",".260",".201",".286",".266",".254",".287","53","-2.0","-13.0","6.3","0.2","19339"
"Max Muncy","LAD","58","248","12","36","27","1","15.7%","24.2%",".197",".203",".192",".331",".389",".316",".360","98","-0.4","-1.0","-6.5","0.2","13301"
"Nathaniel Lowe","TBR","21","76","4","10","11","1","11.8%","36.8%",".209",".314",".224",".316",".433",".314",".300","103","0.2","0.5","-0.8","0.2","19566"
"Corey Dickerson","MIA","52","210","7","25","17","1","7.1%","16.7%",".144",".283",".258",".311",".402",".308",".305","93","0.0","-1.8","-2.2","0.2","10762"
"Ryan Braun","MIL","39","141","8","14","26","1","5.0%","19.1%",".256",".232",".233",".281",".488",".322",".342","100","-1.5","-1.5","-3.1","0.2","3410"
"Ryan McBroom","KCR","36","85","6","8","10","0","4.7%","35.3%",".259",".311",".247",".282",".506",".330",".300","106","-0.6","0.0","-2.1","0.2","16524"
"Roberto Perez","CLE","32","110","1","6","5","0","10.0%","34.5%",".052",".259",".165",".264",".216",".228",".267","39","-1.5","-9.8","6.6","0.2","2900"
"Roman Quinn","PHI","41","116","2","14","7","12","4.3%","33.6%",".102",".313",".213",".261",".315",".254",".245","54","4.0","-2.8","1.3","0.2","13546"
"Joe Panik","TOR","41","141","1","18","7","0","14.2%","19.1%",".075",".283",".225",".340",".300",".296",".322","82","1.3","-1.9","-0.4","0.1","11936"
"Enrique Hernandez","LAD","48","148","5","20","20","0","4.1%","20.9%",".180",".260",".230",".270",".410",".290",".290","81","-1.1","-4.8","0.6","0.1","10472"
"Bryan Reynolds","PIT","55","208","7","24","19","1","10.1%","27.4%",".168",".231",".189",".275",".357",".278",".314","71","-1.7","-9.5","1.7","0.1","19326"
"Anderson Tejeda","TEX","23","77","3","7","8","4","2.6%","39.0%",".200",".381",".253",".273",".453",".306",".252","92","-0.1","-0.8","-0.8","0.1","19909"
"Jesus Aguilar","MIA","51","216","8","31","34","0","10.6%","18.5%",".181",".306",".277",".352",".457",".347",".345","119","-1.6","3.7","-8.3","0.1","11342"
"Amed Rosario","NYM","46","147","4","20","15","0","2.7%","23.1%",".119",".305",".252",".272",".371",".277",".261","76","-0.5","-5.0","2.2","0.1","15518"
"Joey Bart","SFG","33","111","0","15","7","0","2.7%","36.9%",".087",".387",".233",".288",".320",".271",".248","68","0.0","-4.5","1.4","0.1","21524"
"Freddy Galvis","CIN","47","159","7","18","16","1","8.2%","18.9%",".184",".231",".220",".308",".404",".312",".301","86","-1.6","-4.3","-1.8","0.1","6609"
"Ji-Man Choi","TBR","42","145","3","16","16","0","13.8%","24.8%",".180",".291",".230",".331",".410",".316",".276","104","0.5","1.3","-4.3","0.1","5452"
"Nomar Mazara","CHW","42","149","1","13","15","0","6.7%","29.5%",".066",".330",".228",".295",".294",".267",".291","65","0.6","-5.8","0.1","0.1","14553"
"Evan White","SEA","54","202","8","19","26","1","8.9%","41.6%",".170",".264",".176",".252",".346",".261",".292","67","1.0","-7.3","0.6","0.1","20078"
"Johan Camargo","ATL","35","127","4","16","9","0","4.7%","27.6%",".167",".247",".200",".244",".367",".262",".240","59","0.7","-6.0","3.4","0.1","14950"
"Phillip Ervin","- - -","37","89","0","10","4","1","15.7%","24.7%",".041",".212",".149",".292",".189",".239",".251","46","1.3","-4.8","1.9","0.1","14738"
"Justin Upton","LAA","42","166","9","20","22","0","6.6%","25.9%",".218",".219",".204",".289",".422",".307",".329","91","-1.1","-2.9","-2.7","0.1","5222"
"Jorge Bonifacio","DET","30","94","2","8","17","0","5.3%","27.7%",".105",".288",".221",".277",".326",".266",".255","66","0.9","-3.0","-0.7","0.0","12174"
"Daniel Vogelbach","- - -","39","136","6","16","16","0","14.7%","24.3%",".183",".237",".209",".331",".391",".317",".335","99","-1.6","-1.6","-3.5","0.0","14130"
"Todd Frazier","- - -","45","172","4","16","12","1","6.4%","24.4%",".146",".297",".236",".302",".382",".300",".294","89","-0.8","-3.1","-2.3","0.0","785"
"Travis Shaw","TOR","50","180","6","17","17","0","8.9%","27.8%",".172",".306",".239",".306",".411",".310",".323","91","-2.9","-4.9","0.5","0.0","11982"
"Kurt Suzuki","WSN","33","129","2","15","17","1","8.5%","14.7%",".126",".301",".270",".349",".396",".326",".308","102","-1.0","-0.7","-2.4","0.0","8259"
"Austin Riley","ATL","51","206","8","24","27","0","7.8%","23.8%",".176",".280",".239",".301",".415",".307",".342","88","-0.4","-3.7","-1.7","0.0","18360"
"Mike Zunino","TBR","28","84","4","8","10","0","7.1%","44.0%",".213",".206",".147",".238",".360",".261",".288","66","-0.3","-3.8","1.7","0.0","13265"
"Jose Altuve","HOU","48","210","5","32","18","2","8.1%","18.6%",".125",".250",".219",".286",".344",".278",".288","74","0.4","-6.4","-1.2","0.0","5417"
"Derek Dietrich","TEX","25","75","5","9","8","1","12.0%","28.0%",".262",".200",".197",".347",".459",".351",".376","124","-2.7","-0.5","-2.2","0.0","10542"
"Yuli Gurriel","HOU","57","230","6","27","22","0","5.2%","11.7%",".152",".235",".232",".274",".384",".281",".318","76","0.3","-6.5","-1.9","0.0","19198"
"Brian Goodwin","- - -","50","164","6","17","22","5","10.4%","32.9%",".201",".291",".215",".299",".417",".305",".298","88","0.8","-1.8","-4.7","0.0","12858"
"Shohei Ohtani","LAA","46","175","7","23","24","7","12.6%","28.6%",".176",".229",".190",".291",".366",".290",".336","80","2.1","-2.2","-4.3","0.0","19755"
"Tommy Pham","SDP","31","125","3","13","12","6","12.0%","21.6%",".101",".253",".211",".312",".312",".284",".353","79","1.3","-2.1","-2.8","0.0","2967"
"Chance Sisco","BAL","36","121","4","11","10","0","14.0%","33.9%",".163",".321",".214",".364",".378",".335",".327","111","-0.1","1.5","-4.9","0.0","15694"
"Shin-Soo Choo","TEX","33","127","5","13","15","6","10.2%","26.0%",".164",".284",".236",".323",".400",".312",".340","97","0.6","0.1","-5.1","0.0","3174"
"Stephen Vogt","ARI","26","81","1","6","7","0","9.9%","22.2%",".111",".204",".167",".247",".278",".235",".257","41","0.0","-6.1","2.8","0.0","5000"
"Josh Naylor","- - -","40","104","1","13","6","1","4.8%","11.5%",".082",".274",".247",".291",".330",".274",".309","71","1.0","-2.7","-2.1","-0.1","18839"
"Jay Bruce","PHI","32","103","6","11","14","0","6.8%","23.3%",".271",".197",".198",".252",".469",".297",".322","83","0.2","-2.1","-1.2","-0.1","9892"
"Gary Sanchez","NYY","49","178","10","19","24","0","10.1%","36.0%",".218",".159",".147",".253",".365",".271",".314","69","-0.8","-7.6","2.2","-0.1","11442"
"Adam Haseley","PHI","40","92","0","7","13","0","7.6%","18.5%",".063",".349",".278",".348",".342",".305",".303","88","0.2","-1.2","-1.9","-0.1","19878"
"Austin Hedges","- - -","35","83","3","7","6","1","7.2%","27.7%",".145",".159",".145",".231",".290",".232",".281","45","-0.8","-6.5","2.7","-0.1","12976"
"Phil Gosselin","PHI","39","102","3","14","12","0","9.8%","26.5%",".152",".323",".250",".324",".402",".313",".295","93","0.1","-0.8","-2.7","-0.1","10953"
"Pat Valaika","BAL","52","150","8","24","16","0","5.3%","22.7%",".199",".313",".277",".315",".475",".337",".323","112","-3.0","-0.8","-3.9","-0.1","14885"
"Mitch Garver","MIN","23","81","2","8","5","0","8.6%","45.7%",".097",".294",".167",".247",".264",".232",".240","43","-0.2","-5.9","1.5","-0.1","15161"
"Albert Pujols","LAA","39","163","6","15","25","0","5.5%","15.3%",".171",".230",".224",".270",".395",".282",".299","74","-0.3","-5.4","-1.4","-0.1","1177"
"Michael A. Taylor","WSN","38","99","5","11","16","0","6.1%","27.3%",".228",".217",".196",".253",".424",".287",".325","76","-0.6","-3.7","0.2","-0.1","11489"
"Austin Meadows","TBR","36","152","4","19","13","2","11.2%","32.9%",".167",".288",".205",".296",".371",".292",".278","88","-0.4","-2.7","-2.2","-0.1","15672"
"Jose Peraza","BOS","34","120","1","13","8","1","4.2%","15.0%",".117",".258",".225",".275",".342",".270",".291","62","-1.1","-6.7","2.7","-0.1","13593"
"Rougned Odor","TEX","38","148","10","15","30","0","4.7%","31.8%",".246",".157",".167",".209",".413",".259",".282","60","-0.2","-7.5","1.0","-0.1","12282"
"Matt Joyce","MIA","46","148","2","16","14","1","13.5%","27.7%",".079",".353",".252",".351",".331",".310",".310","95","0.4","-0.7","-4.4","-0.1","3353"
"Sandy Leon","CLE","25","81","2","4","4","0","17.3%","25.9%",".106",".163",".136",".296",".242",".259",".301","60","-1.6","-5.5","0.9","-0.1","5273"
"Domingo Santana","CLE","24","84","2","6","12","0","15.5%","29.8%",".129",".209",".157",".298",".286",".271",".307","68","-0.7","-3.9","-0.9","-0.1","10348"
"Matt Kemp","COL","43","132","6","18","21","1","11.4%","31.1%",".179",".314",".239",".326",".419",".322",".321","85","-0.5","-3.0","-3.2","-0.1","5631"
"Elias Diaz","COL","26","73","2","4","9","0","6.8%","20.5%",".118",".275",".235",".288",".353",".281",".309","58","-1.0","-4.8","0.8","-0.1","11680"
"Hunter Renfroe","TBR","42","139","8","18","22","2","10.1%","26.6%",".238",".141",".156",".252",".393",".277",".318","78","-0.3","-4.1","-1.0","-0.1","15464"
"Victor Robles","WSN","52","189","3","20","15","4","4.8%","28.0%",".095",".298",".220",".293",".315",".273",".262","66","1.3","-6.8","0.4","-0.1","18363"
"Eric Sogard","MIL","43","128","1","10","10","0","8.6%","15.6%",".070",".242",".209",".281",".278",".254",".290","55","-1.2","-8.6","1.5","-0.1","7927"
"Dylan Carlson","STL","35","119","3","11","16","1","6.7%","29.4%",".164",".260",".200",".252",".364",".264",".314","66","-1.1","-6.3","-0.4","-0.1","20126"
"Nick Markakis","ATL","37","141","1","15","15","0","7.1%","16.3%",".138",".302",".254",".312",".392",".307",".310","88","-2.1","-4.3","-1.2","-0.2","5930"
"Greg Garcia","SDP","35","71","0","6","11","1","9.9%","25.4%",".050",".279",".200",".279",".250",".243",".242","52","0.0","-4.3","0.0","-0.2","10951"
"Jonathan Arauz","BOS","25","80","1","8","9","0","10.0%","26.3%",".069",".340",".250",".325",".319",".291",".325","77","0.4","-1.9","-2.0","-0.2","20275"
"Jose Osuna","PIT","26","82","4","6","11","0","4.9%","19.5%",".192",".207",".205",".244",".397",".273",".330","67","-0.3","-3.7","-1.7","-0.2","12937"
"Adam Eaton","WSN","41","176","4","22","17","3","6.8%","18.2%",".157",".260",".226",".285",".384",".287",".303","76","-0.3","-5.7","-0.8","-0.2","11205"
"Edward Olivares","- - -","31","101","3","9","10","0","4.0%","24.8%",".135",".290",".240",".267",".375",".275",".286","70","-0.3","-4.1","-1.9","-0.2","19698"
"Luis Torrens","- - -","25","78","1","5","6","0","9.0%","19.2%",".114",".315",".257",".325",".371",".307",".318","97","-1.1","-1.3","-3.5","-0.2","15905"
"Jake Lamb","- - -","31","99","3","7","10","0","8.1%","25.3%",".159",".233",".193",".283",".352",".281",".328","77","-0.5","-3.5","-2.1","-0.2","13329"
"Andrew McCutchen","PHI","57","241","10","32","34","4","9.1%","19.9%",".180",".281",".253",".324",".433",".327",".358","102","-1.6","-0.9","-7.5","-0.2","9847"
"Josh Rojas","ARI","17","70","0","9","2","1","10.0%","22.9%",".000",".234",".180",".257",".180",".209",".277","24","0.9","-5.9","1.2","-0.2","19734"
"Joc Pederson","LAD","43","138","7","21","16","1","8.0%","24.6%",".207",".200",".190",".285",".397",".297",".340","86","-2.1","-4.6","-2.7","-0.2","11899"
"Vimael Machin","OAK","24","71","0","11","0","0","11.3%","14.1%",".032",".245",".206",".296",".238",".250",".338","60","0.0","-3.5","-1.5","-0.2","17684"
"Jose Marmolejos","SEA","35","115","6","12","18","0","6.1%","27.8%",".206",".232",".206",".261",".411",".287",".317","84","-1.4","-3.6","-3.0","-0.2","15767"
"Andrew Velazquez","BAL","40","77","0","11","3","4","13.0%","29.9%",".048",".250",".159",".274",".206",".231",".242","39","0.1","-5.7","1.1","-0.2","14196"
"Khris Davis","OAK","30","99","2","9","10","0","10.1%","26.3%",".129",".259",".200",".303",".329",".284",".320","83","-1.3","-3.4","-2.9","-0.3","9112"
"Brock Holt","- - -","37","106","0","12","5","1","8.5%","22.6%",".063",".278",".211",".283",".274",".253",".269","54","1.1","-5.2","-1.0","-0.3","9345"
"Nick Senzel","CIN","23","78","2","8","8","2","7.7%","19.2%",".171",".204",".186",".247",".357",".260",".294","52","-1.8","-6.5","0.2","-0.3","19293"
"Nick Solak","TEX","58","233","2","27","23","7","7.7%","18.0%",".077",".320",".268",".326",".344",".297",".318","86","2.4","-1.6","-10.0","-0.3","19294"
"Isaac Paredes","DET","34","108","1","7","6","0","7.4%","22.2%",".070",".280",".220",".278",".290",".255",".247","59","-0.3","-5.8","-2.1","-0.3","20036"
"Howie Kendrick","WSN","25","100","2","11","14","0","7.0%","17.0%",".110",".311",".275",".320",".385",".298",".332","83","-0.9","-3.1","-2.7","-0.3","4229"
"Elvis Andrus","TEX","29","111","3","11","7","3","7.2%","13.5%",".136",".200",".194",".252",".330",".255",".295","57","-1.1","-6.9","-0.3","-0.3","8709"
"Shed Long Jr.","SEA","34","128","3","10","9","4","8.6%","28.9%",".120",".221",".171",".242",".291",".238",".248","50","1.9","-5.9","-2.0","-0.3","16542"
"Carter Kieboom","WSN","33","122","0","15","9","0","13.9%","27.0%",".010",".299",".202",".344",".212",".275",".274","68","-1.8","-6.8","0.3","-0.3","19958"
"Josh Bell","PIT","57","223","8","22","22","0","9.9%","26.5%",".138",".273",".226",".305",".364",".286",".297","76","0.2","-6.5","-6.5","-0.3","13145"
"Christin Stewart","DET","36","99","3","6","9","0","5.1%","30.3%",".133",".207",".167",".224",".300",".230",".274","42","0.3","-6.8","-1.0","-0.3","17714"
"Jorge Alfaro","MIA","31","100","3","12","16","2","4.0%","36.0%",".118",".333",".226",".280",".344",".271",".283","69","0.1","-3.8","-2.3","-0.3","12180"
"Lewis Brinson","MIA","47","112","3","14","12","4","5.4%","26.8%",".142",".288",".226",".268",".368",".275",".296","72","1.1","-2.9","-3.7","-0.4","14352"
"Ben Gamel","MIL","40","127","3","13","10","0","10.2%","30.7%",".167",".333",".237",".315",".404",".313",".330","94","-4.8","-5.8","-3.5","-0.4","12160"
"Tim Lopes","SEA","46","151","2","16","15","5","4.0%","22.5%",".126",".299",".238",".278",".364",".279",".276","79","0.9","-3.1","-6.3","-0.4","14137"
"Edwin Encarnacion","CHW","44","181","10","19","19","0","8.8%","29.8%",".220",".156",".157",".250",".377",".272",".277","68","0.0","-7.1","-4.6","-0.4","2151"
"Myles Straw","HOU","33","86","0","8","8","6","4.7%","25.6%",".049",".283",".207",".244",".256",".223",".255","37","1.0","-5.8","-1.2","-0.4","17620"
"Ryan O'Hearn","KCR","42","132","2","7","18","0","13.6%","28.0%",".106",".267",".195",".303",".301",".269",".317","64","-0.6","-6.5","-3.1","-0.4","16442"
"Kevin Newman","PIT","44","172","1","12","10","0","7.0%","12.2%",".051",".250",".224",".281",".276",".251",".290","53","0.3","-10.0","-1.4","-0.4","17696"
"Josh VanMeter","- - -","26","79","2","9","6","1","8.9%","30.4%",".129",".159",".129",".228",".257",".222",".294","30","1.2","-5.9","-1.1","-0.4","15170"
"Pablo Sandoval","- - -","34","94","1","5","6","0","8.5%","20.2%",".048",".262",".214",".287",".262",".252",".292","55","-0.6","-5.9","-1.6","-0.4","5409"
"Abraham Toro","HOU","33","97","3","13","9","1","3.1%","23.7%",".126",".164",".149",".237",".276",".234",".284","44","0.4","-6.3","-1.6","-0.4","19844"
"Dee Strange-Gordon","SEA","33","82","0","12","3","3","6.1%","15.9%",".013",".242",".200",".268",".213",".226",".262","43","0.8","-5.0","-2.5","-0.4","8203"
"Eduardo Escobar","ARI","54","222","4","22","20","1","6.8%","18.5%",".123",".244",".212",".270",".335",".257",".306","56","-0.9","-13.5","0.7","-0.5","6153"
"Michael Perez","TBR","38","93","1","7","13","0","7.5%","29.0%",".071",".228",".167",".237",".238",".217",".303","36","-2.6","-9.9","2.6","-0.5","12977"
"Austin Romine","DET","37","135","2","12","17","0","3.0%","34.8%",".085",".354",".238",".259",".323",".253",".231","57","-1.5","-8.6","-2.3","-0.5","5491"
"Luis Garcia","WSN","40","139","2","18","16","1","3.6%","20.9%",".090",".340",".276",".302",".366",".291",".296","79","-0.6","-4.5","-4.6","-0.5","20391"
"Ender Inciarte","ATL","46","131","1","17","10","4","9.2%","19.1%",".060",".228",".190",".262",".250",".233",".253","39","1.4","-8.8","-0.3","-0.5","4922"
"Oscar Mercado","CLE","36","93","1","6","6","3","5.4%","29.0%",".047",".169",".128",".174",".174",".159",".193","-8","1.9","-10.5","0.8","-0.5","16375"
"Dwight Smith Jr.","BAL","21","72","2","9","6","1","9.7%","26.4%",".143",".279",".222",".306",".365",".289",".263","79","-0.3","-2.1","-5.5","-0.5","13473"
"Jose Martinez","- - -","34","98","2","10","10","0","10.2%","27.6%",".114",".237",".182",".265",".295",".248",".288","58","-0.4","-5.6","-3.1","-0.6","7996"
"Tyler Naquin","CLE","40","141","4","15","20","0","3.5%","28.4%",".165",".275",".218",".248",".383",".268",".326","66","-0.1","-6.0","-5.9","-0.6","13359"
"Cole Tucker","PIT","37","116","1","17","8","1","4.3%","26.7%",".055",".295",".220",".252",".275",".233",".215","41","0.5","-8.2","-3.1","-0.6","17326"
"Tony Wolters","COL","42","109","0","10","8","0","5.5%","27.5%",".040",".329",".230",".280",".270",".249",".294","37","-1.3","-10.0","-0.3","-0.6","11470"
"Eric Thames","WSN","41","140","3","10","12","1","10.0%","30.0%",".114",".282",".203",".300",".317",".276",".305","69","-1.1","-6.7","-3.4","-0.6","3711"
"Justin Smoak","- - -","36","132","5","14","15","0","7.6%","31.8%",".185",".219",".176",".250",".361",".265",".260","63","-2.3","-8.6","-4.0","-0.7","9054"
"Luis Rengifo","LAA","33","106","1","12","3","3","13.2%","24.5%",".044",".206",".156",".269",".200",".227",".259","36","-0.9","-9.2","-1.8","-0.7","19858"
"Mike Ford","NYY","29","84","2","5","11","0","8.3%","19.0%",".135",".140",".135",".226",".270",".224",".311","37","-0.4","-7.0","-2.7","-0.7","15585"
"Josh Reddick","HOU","56","210","4","22","23","1","9.5%","20.0%",".133",".294",".245",".316",".378",".304",".303","92","-2.0","-4.1","-11.3","-0.7","3892"
"Gregory Polanco","PIT","50","174","7","12","22","3","7.5%","37.4%",".172",".193",".153",".214",".325",".232",".301","40","0.9","-12.4","-3.4","-0.8","12907"
"Michael Chavis","BOS","42","158","5","16","19","3","5.1%","31.6%",".164",".280",".212",".259",".377",".272",".294","64","-0.5","-7.6","-5.1","-0.8","17321"
"Robinson Chirinos","- - -","26","82","1","4","7","0","7.3%","25.6%",".081",".208",".162",".232",".243",".216",".231","32","-2.4","-9.3","-1.8","-0.8","3142"
"Scott Kingery","PHI","36","124","3","12","6","0","7.3%","28.2%",".124",".200",".159",".228",".283",".227",".302","36","0.1","-9.9","-2.3","-0.9","17975"
"Willie Calhoun","TEX","29","108","1","3","13","0","4.6%","15.7%",".070",".214",".190",".231",".260",".217",".234","32","0.1","-9.0","-4.4","-0.9","17838"
"David Dahl","COL","24","99","0","9","9","1","4.0%","28.3%",".065",".258",".183",".222",".247",".208",".234","10","1.4","-9.9","-3.6","-1.0","13744"
"Daniel Murphy","COL","40","132","3","10","16","0","5.3%","15.9%",".098",".260",".236",".275",".333",".259",".267","44","-0.8","-10.2","-4.6","-1.0","4316"
"J.D. Martinez","BOS","54","237","7","22","27","1","9.3%","24.9%",".175",".259",".213",".291",".389",".290",".318","76","-1.0","-8.1","-8.9","-1.0","6184"
"Jonathan Villar","- - -","52","207","2","13","15","16","9.2%","26.1%",".059",".313",".232",".301",".292",".266",".261","64","0.7","-8.7","-8.2","-1.1","10071"
"Jo Adell","LAA","38","132","3","9","7","0","5.3%","41.7%",".105",".258",".161",".212",".266",".212",".232","26","-1.6","-13.6","-5.4","-1.4","20220"
